Date,Log-return_x,Log-return_y,Log-return_x,Log-return_y
1948-01-31,,,0.032783425808411114,
1948-02-29,,,0.03279850930043553,
1948-03-31,,,0.032814633033289214,
1948-04-30,,,0.03283023664572827,
1948-05-31,,,0.032846360378581956,
1948-06-30,,,0.03286196399102101,
1948-07-31,,,0.0328780877238747,
1948-08-31,,,0.032894211456728384,
1948-09-30,,,0.03290981506916744,
1948-10-31,,,0.032925938802021125,
1948-11-30,,,0.03294154241446018,
1948-12-31,,,0.032957666147313866,
1949-01-31,,,0.03324585142026347,
1949-02-28,,,0.033514338895962774,
1949-03-31,,,0.03381159288691558,
1949-04-30,,,0.034099258039450554,
1949-05-31,,,0.03439651203040336,
1949-06-30,,,0.03468417718293833,
1949-07-31,,,0.03498143117389113,
1949-08-31,,,0.035278685164843934,
1949-09-30,,,0.035566350317378904,
1949-10-31,,,0.03586360430833171,
1949-11-30,,,0.03615126946086668,
1949-12-31,,,0.03644852345181948,
1950-01-31,,,0.0346991124421346,
1950-02-28,,,0.033057379250572054,
1950-03-31,,,0.031239746074199246,
1950-04-30,,,0.02948074622609653,
1950-05-31,,,0.027663113049723718,
1950-06-30,,,0.025904113201620997,
1950-07-31,,,0.02408648002524819,
1950-08-31,,,0.02226884684887538,
1950-09-30,,,0.02050984700077266,
1950-10-31,,,0.01869221382439985,
1950-11-30,,,0.01693321397629713,
1950-12-31,,,0.015115580799924321,
1951-01-31,,,0.01827156905502779,
1951-02-28,,,0.021271882532843112,
1951-03-31,,,0.024593658168995794,
1951-04-30,,,0.027808279752369353,
1951-05-31,,,0.03113005538852203,
1951-06-30,,,0.03434467697189559,
1951-07-31,,,0.03766645260804827,
1951-08-31,,,0.04098822824420095,
1951-09-30,,,0.04420284982757451,
1951-10-31,,,0.04752462546372719,
1951-11-30,,,0.05073924704710075,
1951-12-31,,,0.054061022683253426,
1952-01-31,,,0.05322554261096089,
1952-02-29,,,0.05231432962339162,
1952-03-31,,,0.051340274360817575,
1952-04-30,,,0.050397640235745916,
1952-05-31,,,0.049423584973171876,
1952-06-30,,,0.04848095084810022,
1952-07-31,,,0.04750689558552617,
1952-08-31,,,0.04653284032295213,
1952-09-30,,,0.04559020619788047,
1952-10-31,,,0.04461615093530642,
1952-11-30,,,0.04367351681023477,
1952-12-31,,,0.04269946154766072,
1953-01-31,,,0.04231138338448813,
1953-02-28,,,0.041978503493862604,
1953-03-31,,,0.041609957900670055,
1953-04-30,,,0.04125330087499985,
1953-05-31,,,0.0408847552818073,
1953-06-30,,,0.040528098256137096,
1953-07-31,,,0.04015955266294455,
1953-08-31,,,0.039791007069752,
1953-09-30,,,0.039434350044081794,
1953-10-31,,,0.03906580445088925,
1953-11-30,,,0.03870914742521904,
1953-12-31,,,0.0383406018320265,
1954-01-31,,,0.03656036851306826,
1954-02-28,,,0.03490991341172808,
1954-03-31,,,0.033082623835244324,
1954-04-30,,,0.031314279083808426,
1954-05-31,,,0.029486989507324667,
1954-06-30,,,0.02771864475588877,
1954-07-31,,,0.02589135517940501,
1954-08-31,,,0.02406406560292125,
1954-09-30,,,0.022295720851485352,
1954-10-31,,,0.02046843127500159,
1954-11-30,,,0.018700086523565692,
1954-12-31,,,0.016872796947081933,
1955-01-31,,,0.017049823145576515,
1955-02-28,,,0.017270062767549464,
1955-03-31,,,0.01751389949187666,
1955-04-30,,,0.017749870515419108,
1955-05-31,,,0.017993707239746304,
1955-06-30,,,0.01822967826328875,
1955-07-31,,,0.018473514987615944,
1955-08-31,,,0.01871735171194314,
1955-09-30,,,0.018953322735485587,
1955-10-31,,,0.019197159459812783,
1955-11-30,,,0.01943313048335523,
1955-12-31,,,0.019676967207682423,
1956-01-31,,,0.019175477891217117,
1956-02-29,,,0.01868310137454206,
1956-03-31,,,0.018156767856717004,
1956-04-30,,,0.01764741283946695,
1956-05-31,,,0.01712107932164189,
1956-06-30,,,0.016611724304391836,
1956-07-31,,,0.016085390786566775,
1956-08-31,,,0.01555905726874172,
1956-09-30,,,0.015049702251491662,
1956-10-31,,,0.014523368733666605,
1956-11-30,,,0.01401401371641655,
1956-12-31,,,0.013487680198591492,
1957-01-31,,,0.015719851013796006,
1957-02-28,,,0.017819057041856885,
1957-03-31,,,0.020143178001495714,
1957-04-30,,,0.02239232731727523,
1957-05-31,,,0.024716448276914063,
1957-06-30,,,0.026965597592693576,
1957-07-31,,,0.029289718552332405,
1957-08-31,,,0.031613839511971234,
1957-09-30,,,0.033862988827750753,
1957-10-31,,,0.03618710978738958,
1957-11-30,,,0.0384362591031691,
1957-12-31,,,0.040760380062807924,
1958-01-31,,,0.04253880924345939,
1958-02-28,,,0.04412870294446539,
1958-03-31,,,0.045888942399150597,
1958-04-30,,,0.04759239993594274,
1958-05-31,,,0.04935263939062795,
1958-06-30,,,0.051056096927420094,
1958-07-31,,,0.05281633638210531,
1958-08-31,,,0.05457657583679052,
1958-09-30,,,0.05628003337358266,
1958-10-31,,,0.058040272828267875,
1958-11-30,,,0.05974373036506002,
1958-12-31,,,0.06150396981974523,
1959-01-31,,,0.058691763403016316,
1959-02-28,,,0.05601404095736912,
1959-03-31,,,0.05304941967825974,
1959-04-30,,,0.05018043134363775,
1959-05-31,,,0.04721581006452836,
1959-06-30,,,0.04434682172990637,
1959-07-31,,,0.041382200450796984,
1959-08-31,,,0.038417579171687595,
1959-09-30,,,0.03554859083706561,
1959-10-31,,,0.03258396955795622,
1959-11-30,,,0.029714981223334234,
1959-12-31,,,0.026750359944224845,
1960-01-31,,,0.025365572657337104,
1960-02-29,,,0.024119390126350112,
1960-03-31,,,0.022787263972536432,
1960-04-30,,,0.021498109630136097,
1960-05-31,,,0.020165983476322417,
1960-06-30,,,0.01887682913392208,
1960-07-31,,,0.0175447029801084,
1960-08-31,,,0.01621257682629472,
1960-09-30,,,0.014923422483894385,
1960-10-31,,,0.013591296330080705,
1960-11-30,,,0.012302141987680369,
1960-12-31,,,0.01097001583386669,
1961-01-31,,,0.013929062627025118,
1961-02-28,,,0.016730946657958774,
1961-03-31,,,0.019833032549349608,
1961-04-30,,,0.022835051153921378,
1961-05-31,,,0.02593713704531221,
1961-06-30,,,0.028939155649883988,
1961-07-31,,,0.03204124154127482,
1961-08-31,,,0.035143327432665655,
1961-09-30,,,0.038145346037237425,
1961-10-31,,,0.04124743192862826,
1961-11-30,,,0.044249450533200035,
1961-12-31,,,0.04735153642459087,
1962-01-31,,,0.04802591407950965,
1962-02-28,,,0.04856193708973606,
1962-03-31,,,0.04915539113677243,
1962-04-30,,,0.04972970150487216,
1962-05-31,,,0.05032315555190854,
1962-06-30,,,0.05089746592000826,
1962-07-31,,,0.05149091996704464,
1962-08-31,,,0.05208437401408102,
1962-09-30,,,0.05265868438218074,
1962-10-31,,,0.053252138429217125,
1962-11-30,,,0.05382644879731684,
1962-12-31,,,0.054419902844353225,
1963-01-31,,,0.05169717310548536,
1963-02-28,,,0.04913809124886781,
1963-03-31,,,0.046304822050469804,
1963-04-30,,,0.04356294863266528,
1963-05-31,,,0.04072967943426727,
1963-06-30,,,0.037987806016462754,
1963-07-31,,,0.03515453681806475,
1963-08-31,,,0.03232126761966674,
1963-09-30,,,0.02957939420186222,
1963-10-31,,,0.026746125003464218,
1963-11-30,,,0.024004251585659695,
1963-12-31,,,0.021170982387261686,
1964-01-31,,,0.020626581254160958,
1964-02-29,,,0.020188676080070616,
1964-03-31,,,0.019720570549146457,
1964-04-30,,,0.019267565196639205,
1964-05-31,,,0.018799459665715043,
1964-06-30,,,0.018346454313207795,
1964-07-31,,,0.017878348782283632,
1964-08-31,,,0.017410243251359474,
1964-09-30,,,0.016957237898852222,
1964-10-31,,,0.016489132367928063,
1964-11-30,,,0.01603612701542081,
1964-12-31,,,0.015568021484496652,
1965-01-31,,,0.016524938006256436,
1965-02-28,,,0.017432153593088015,
1965-03-31,,,0.018436570849937262,
1965-04-30,,,0.019408587550113952,
1965-05-31,,,0.020413004806963203,
1965-06-30,,,0.021385021507139893,
1965-07-31,,,0.02238943876398914,
1965-08-31,,,0.02339385602083839,
1965-09-30,,,0.02436587272101508,
1965-10-31,,,0.02537028997786433,
1965-11-30,,,0.026342306678041022,
1965-12-31,,,0.02734672393489027,
1966-01-31,,,0.02950811967458793,
1966-02-28,,,0.03149518184541136,
1966-03-31,,,0.0336951435345373,
1966-04-30,,,0.035824138717562404,
1966-05-31,,,0.03802410040668835,
1966-06-30,,,0.04015309558971345,
1966-07-31,,,0.042353057278839396,
1966-08-31,,,0.04455301896796533,
1966-09-30,,,0.046682014150990436,
1966-10-31,,,0.04888197584011638,
1966-11-30,,,0.051010971023141484,
1966-12-31,,,0.05321093271226743,
1967-01-31,,,0.05048112072647159,
1967-02-28,,,0.047867060800701355,
1967-03-31,,,0.044972923025741456,
1967-04-30,,,0.04217214453384478,
1967-05-31,,,0.03927800675888488,
1967-06-30,,,0.03647722826698821,
1967-07-31,,,0.0335830904920283,
1967-08-31,,,0.03068895271706841,
1967-09-30,,,0.027888174225171734,
1967-10-31,,,0.024994036450211834,
1967-11-30,,,0.022193257958315157,
1967-12-31,,,0.019299120183355258,
1968-01-31,,,0.019822131832439225,
1968-02-29,,,0.020417957066848177,
1968-03-31,,,0.021054873696733607,
1968-04-30,,,0.0216712446288808,
1968-05-31,,,0.02230816125876623,
1968-06-30,,,0.02292453219091342,
1968-07-31,,,0.02356144882079885,
1968-08-31,,,0.024198365450684284,
1968-09-30,,,0.024814736382831475,
1968-10-31,,,0.025451653012716905,
1968-11-30,,,0.0260680239448641,
1968-12-31,,,0.02670494057474953,
1969-01-31,,,0.027360131603048864,
1969-02-28,,,0.027952467244905882,
1969-03-31,,,0.028608267419819013,
1969-04-30,,,0.029242912750380108,
1969-05-31,,,0.02989871292529324,
1969-06-30,,,0.03053335825585433,
1969-07-31,,,0.03118915843076746,
1969-08-31,,,0.031844958605680596,
1969-09-30,,,0.032479603936241684,
1969-10-31,,,0.033135404111154815,
1969-11-30,,,0.03377004944171591,
1969-12-31,,,0.03442584961662904,
1970-01-31,,,0.03509318745724445,
1970-02-28,,,0.03569629158709026,
1970-03-31,,,0.03636401401656242,
1970-04-30,,,0.03701019701282579,
1970-05-31,,,0.037677919442297945,
1970-06-30,,,0.03832410243856132,
1970-07-31,,,0.038991824868033466,
1970-08-31,,,0.03965954729750562,
1970-09-30,,,0.04030573029376899,
1970-10-31,,,0.04097345272324115,
1970-11-30,,,0.04161963571950452,
1970-12-31,,,0.042287358148976675,
1971-01-31,,,0.04402586789842167,
1971-02-28,,,0.04562837352690881,
1971-03-31,,,0.04740257618701957,
1971-04-30,,,0.049119546503255784,
1971-05-31,,,0.050893749163366545,
1971-06-30,,,0.05261071947960276,
1971-07-31,,,0.05438492213971352,
1971-08-31,,,0.05615912479982428,
1971-09-30,,,0.0578760951160605,
1971-10-31,,,0.05965029777617126,
1971-11-30,,,0.06136726809240747,
1971-12-31,,,0.06314147075251823,
1972-01-31,,,0.055956361729714785,
1972-02-29,,,0.04895543174192605,
1972-03-31,,,0.041471678996358785,
1972-04-30,,,0.03422933762968079,
1972-05-31,,,0.026745584884113528,
1972-06-30,,,0.01950324351743553,
1972-07-31,,,0.012019490771868264,
1972-08-31,,,0.0045357380263010075,
1972-09-30,,,-0.0027066033403769924,
1972-10-31,,,-0.01019035608594425,
1972-11-30,,,-0.017432697452622256,
1972-12-31,,,-0.024916450198189513,
1973-01-31,,,-0.024310324124628933,
1973-02-28,,,-0.023519289169009076,
1973-03-31,,,-0.02264350046814424,
1973-04-30,,,-0.021795963015694392,
1973-05-31,,,-0.02092017431482955,
1973-06-30,,,-0.020072636862379707,
1973-07-31,,,-0.01919684816151487,
1973-08-31,,,-0.01832105946065003,
1973-09-30,,,-0.017473522008200185,
1973-10-31,,,-0.016597733307335345,
1973-11-30,,,-0.015750195854885497,
1973-12-31,,,-0.01487440715402066,
1974-01-31,,,-0.01126807019902013,
1974-02-28,,,-0.007928523539540298,
1974-03-31,,,-0.0042311683094019125,
1974-04-30,,,-0.0006530826028163777,
1974-05-31,,,0.0030442726273220092,
1974-06-30,,,0.006622358333907541,
1974-07-31,,,0.010319713564045927,
1974-08-31,,,0.014017068794184314,
1974-09-30,,,0.017595154500769844,
1974-10-31,,,0.02129250973090823,
1974-11-30,,,0.024870595437493766,
1974-12-31,,,0.028567950667632153,
1975-01-31,,,0.02832501063311881,
1975-02-28,,,0.027986948378923692,
1975-03-31,,,0.027612665168921958,
1975-04-30,,,0.02725045561085576,
1975-05-31,,,0.026876172400854027,
1975-06-30,,,0.02651396284278783,
1975-07-31,,,0.026139679632786097,
1975-08-31,,,0.025765396422784363,
1975-09-30,,,0.025403186864718166,
1975-10-31,,,0.025028903654716432,
1975-11-30,,,0.024666694096650236,
1975-12-31,,,0.024292410886648498,
1976-01-31,,,0.025665787491322655,
1976-02-29,,,0.02700505607271203,
1976-03-31,,,0.02843668800454205,
1976-04-30,,,0.029822138261151748,
1976-05-31,,,0.03125377019298177,
1976-06-30,,,0.032639220449591465,
1976-07-31,,,0.03407085238142148,
1976-08-31,,,0.0355024843132515,
1976-09-30,,,0.0368879345698612,
1976-10-31,,,0.038319566501691216,
1976-11-30,,,0.03970501675830092,
1976-12-31,,,0.041136648690130936,
1977-01-31,,,0.04082296714873243,
1977-02-28,,,0.04048709481322152,
1977-03-31,,,0.04011523615604873,
1977-04-30,,,0.03975537293942989,
1977-05-31,,,0.0393835142822571,
1977-06-30,,,0.03902365106563827,
1977-07-31,,,0.038651792408465474,
1977-08-31,,,0.03827993375129268,
1977-09-30,,,0.037920070534673854,
1977-10-31,,,0.037548211877501056,
1977-11-30,,,0.03718834866088223,
1977-12-31,,,0.036816490003709436,
1978-01-31,,,0.03209265900840542,
1978-02-28,,,0.027694945823972028,
1978-03-31,,,0.022826049084063632,
1978-04-30,,,0.018114213529313576,
1978-05-31,,,0.01324531678940518,
1978-06-30,,,0.008533481234655124,
1978-07-31,,,0.003664584494746728,
1978-08-31,,,-0.0012043122451616678,
1978-09-30,,,-0.005916147799911724,
1978-10-31,,,-0.01078504453982012,
1978-11-30,,,-0.015496880094570176,
1978-12-31,,,-0.02036577683447857,
1979-01-31,,,-0.01948605374060867,
1979-02-28,,,-0.018518388413515656,
1979-03-31,,,-0.017447044658519817,
1979-04-30,,,-0.016410260379491587,
1979-05-31,,,-0.01533891662449575,
1979-06-30,,,-0.014302132345467518,
1979-07-31,,,-0.013230788590471682,
1979-08-31,,,-0.012159444835475843,
1979-09-30,,,-0.011122660556447613,
1979-10-31,,,-0.010051316801451774,
1979-11-30,,,-0.009014532522423544,
1979-12-31,,,-0.007943188767427707,
1980-01-31,,,-0.005641320328213184,
1980-02-29,,,-0.003449588330407832,
1980-03-31,,,-0.0011067024017193533,
1980-04-30,,,0.001160606561527562,
1980-05-31,,,0.0035034924902160418,
1980-06-30,,,0.005770801453462957,
1980-07-31,,,0.008113687382151437,
1980-08-31,,,0.010456573310839917,
1980-09-30,,,0.012723882274086832,
1980-10-31,,,0.015066768202775312,
1980-11-30,,,0.017334077166022227,
1980-12-31,,,0.019676963094710707,
1981-01-31,,,0.021527811437218068,
1981-02-28,,,0.02318473138914615,
1981-03-31,,,0.02501917847878081,
1981-04-30,,,0.026794449855846614,
1981-05-31,,,0.028628896945481274,
1981-06-30,,,0.030404168322547075,
1981-07-31,,,0.03223861541218174,
1981-08-31,,,0.034073062501816395,
1981-09-30,,,0.0358483338788822,
1981-10-31,,,0.03768278096851686,
1981-11-30,,,0.03945805234558267,
1981-12-31,,,0.041292499435217324,
1982-01-31,,,0.03979708039123521,
1982-02-28,,,0.03834612528512096,
1982-03-31,,,0.03673971070335162,
1982-04-30,,,0.03518511594680065,
1982-05-31,,,0.0335787013650313,
1982-06-30,,,0.032024106608480325,
1982-07-31,,,0.030417692026710984,
1982-08-31,,,0.028811277444941642,
1982-09-30,,,0.027256682688390668,
1982-10-31,,,0.025650268106621327,
1982-11-30,,,0.02409567335007035,
1982-12-31,,,0.022489258768301008,
1983-01-31,,,0.023933306551633282,
1983-02-28,,,0.02532944965294721,
1983-03-31,,,0.026875179515116206,
1983-04-30,,,0.028371047123666848,
1983-05-31,,,0.029916776985835843,
1983-06-30,,,0.03141264459438648,
1983-07-31,,,0.03295837445655548,
1983-08-31,,,0.03450410431872447,
1983-09-30,,,0.03599997192727511,
1983-10-31,,,0.03754570178944411,
1983-11-30,,,0.039041569397994746,
1983-12-31,,,0.040587299260163745,
1984-01-31,,,0.039848652813558386,
1984-02-29,,,0.039086427736675464,
1984-03-31,,,0.03827163541311096,
1984-04-30,,,0.03748312671288725,
1984-05-31,,,0.036668334389322745,
1984-06-30,,,0.03587982568909903,
1984-07-31,,,0.03506503336553453,
1984-08-31,,,0.03425024104197003,
1984-09-30,,,0.03346173234174632,
1984-10-31,,,0.032646940018181816,
1984-11-30,,,0.031858431317958104,
1984-12-31,,,0.0310436389943936,
1985-01-31,-0.03519449435891113,,0.03278498791002662,
1985-02-28,-0.05641588635176743,,0.03443477827973551,
1985-03-31,-0.021007652668559397,,0.036261331903341784,
1985-04-30,-0.0006600875765393234,,0.03802896444231559,
1985-05-31,-0.08069187961843646,,0.03985551806592186,
1985-06-30,-0.0027793869646350333,,0.04162315060489567,
1985-07-31,0.0,,0.043449704228501945,
1985-08-31,0.0,,0.04527625785210821,
1985-09-30,0.0,,0.04704389039108202,
1985-10-31,0.0,,0.04887044401468829,
1985-11-30,0.0,,0.050638076553662106,
1985-12-31,0.0,,0.05246463017726838,
1986-01-31,0.0,,0.05278802513983627,
1986-02-28,-0.08772278612695081,,0.05303486742590934,
1986-03-31,-0.050150861396409195,,0.05330815709977596,
1986-04-30,-0.001626338805647734,,0.053572630977711394,
1986-05-31,0.0,,0.05384592065157801,
1986-06-30,0.0,,0.054110394529513446,
1986-07-31,0.0,,0.054383684203380064,
1986-08-31,0.09223565787515298,,0.05465697387724668,
1986-09-30,0.0031770059934774914,,0.054921447755182116,
1986-10-31,0.0,,0.055194737429048735,
1986-11-30,0.0,,0.05545921130698417,
1986-12-31,0.0,,0.05573250098085078,
1987-01-31,-0.092235657875153,,0.053251572351272196,
1987-02-28,-0.05286532600957823,,0.05092781088746308,
1987-03-31,-0.05397773975792985,,0.04835507498110299,
1987-04-30,-0.0018022407090091952,,0.04586533055559322,
1987-05-31,0.0,,0.04329259464923313,
1987-06-30,0.10184849846923213,,0.04080285022372337,
1987-07-31,0.0033987263115427824,,0.03823011431736327,
1987-08-31,-0.049638671987952174,,0.03565737841100318,
1987-09-30,-0.05397475704085165,,0.03316763398549341,
1987-10-31,-0.05705869795060424,,0.030594898079133324,
1987-11-30,-0.001905280461331614,,0.02810515365362356,
1987-12-31,0.05531459403865976,,0.025532417747263465,
1988-01-31,-0.053470774237371184,,0.023962650839273222,
1988-02-29,-0.060505097403452564,,0.02252543459303797,
1988-03-31,-0.06441226632076033,,0.02098909998499339,
1988-04-30,0.22635786809083713,,0.01950232455785347,
1988-05-31,0.1044804043475388,,0.01796598994980889,
1988-06-30,0.1324164614889379,,0.016479214522668973,
1988-07-31,0.00430746427821041,,0.014942879914624393,
1988-08-31,0.0,,0.01340654530657981,
1988-09-30,0.077374617417752,,0.011919769879439894,
1988-10-31,0.0025820228281785984,,0.010383435271395312,
1988-11-30,0.0,,0.008896659844255396,
1988-12-31,0.0,,0.007360325236210816,
1989-01-31,0.0,0.30580984180013393,0.005798167914695594,
1989-02-28,0.0,0.2748553517635496,0.004386409650125742,
1989-03-31,0.07171739240682778,0.24058430922304552,0.0028233915714948356,
1989-04-30,0.0024702657384574056,0.20741878418384807,0.0013107934308842798,
1989-05-31,0.0,0.173147741643344,-0.0002522246477466277,
1989-06-30,0.0,0.13998221660414653,-0.0017648227883571826,
1989-07-31,0.0,0.10571117406364247,-0.0033278408669880893,
1989-08-31,0.06676729498737234,0.07144013152313844,-0.004890858945618998,
1989-09-30,0.0022997623828983765,0.03827460648394093,-0.0064034570862295526,
1989-10-31,0.0,0.004003563943436872,-0.007966475164860461,
1989-11-30,0.0,-0.02916196109576058,-0.009479073305471016,
1989-12-31,0.0,-0.06343300363626464,-0.011042091384101923,
1990-01-31,0.0,-0.09941316737672001,-0.009851800915112804,
1990-02-28,0.0,-0.1319628371999256,-0.008693804535237297,
1990-03-31,0.0,-0.16799997164704608,-0.007411737114660843,
1990-04-30,0.0,-0.20287461788619493,-0.006171026707651373,
1990-05-31,0.0,-0.2389117523333154,-0.004888959287074919,
1990-06-30,0.0,-0.27378639857246423,-0.0036482488800654482,
1990-07-31,0.0,-0.3098235330195847,-0.0023661814594889957,
1990-08-31,-0.06676729498737224,-0.3458606674667052,-0.0010841140389125422,
1990-09-30,-0.0022997623828983765,-0.38073531370585406,0.00015659636809692984,
1990-10-31,0.0,-0.41677244815297454,0.0014386637886733833,
1990-11-30,0.0,-0.45164709439212336,0.0026793741956828536,
1990-12-31,-0.0717173924068277,-0.48768422883924384,0.003961441616259307,
1991-01-31,-0.040346108604908504,-0.49556163278039883,0.005695176617547893,
1991-02-28,-0.0407648059000061,-0.5018288874647033,0.007274729406088058,
1991-03-31,-0.042503562164004256,-0.508767633722326,0.009023519993400383,
1991-04-30,-0.0014186538139598637,-0.5154825494555094,0.010715897981121988,
1991-05-31,-0.043017834745968306,-0.5224212957131322,0.012464688568434313,
1991-06-30,-0.0014817254190277948,-0.5291362114463155,0.014157066556155918,
1991-07-31,-0.045019369969251224,-0.5360749577039383,0.015905857143468243,
1991-08-31,-0.0015006456656417033,-0.5430137039615611,0.017654647730780567,
1991-09-30,0.0,-0.5497286196947444,0.01934702571850217,
1991-10-31,0.0,-0.5566673659523672,0.021095816305814495,
1991-11-30,0.0,-0.5633822816855506,0.022788194293536103,
1991-12-31,0.0,-0.5703210279431734,0.024536984880848427,
1992-01-31,0.0,-0.5374718442213468,0.025670900542160226,
1992-02-29,0.0,-0.5055012637832894,0.026712486835157267,
1992-03-31,-0.04721628790590188,-0.4713258157288145,0.02782590666560238,
1992-04-30,-0.001626338805647734,-0.43825280148254836,0.028903409727323456,
1992-05-31,0.0,-0.4040773534280734,0.030016829557768566,
1992-06-30,0.0,-0.37100433918180725,0.031094332619489642,
1992-07-31,-0.10196178934628361,-0.3368288911273323,0.032207752449934755,
1992-08-31,-0.11738230920481703,-0.3026534430728573,0.03332117228037987,
1992-09-30,-0.13300644739225118,-0.26958042882659117,0.03439867534210094,
1992-10-31,-0.00430746427821041,-0.2354049807721162,0.035512095172546054,
1992-11-30,-0.14901232383301655,-0.20233196652585006,0.036589598234267134,
1992-12-31,-0.004972602575072871,-0.16815651847137508,0.03770301806471224,
1993-01-31,0.0,-0.13649119447337063,0.03669176762576576,
1993-02-28,0.0,-0.1079658302962281,0.035714411565273274,
1993-03-31,0.0,-0.076384177100106,0.03463233878401374,
1993-04-30,0.0,-0.04582128691031043,0.03358517157634322,
1993-05-31,0.0,-0.014239633714188321,0.03250309879508368,
1993-06-30,0.0,0.016323256475607256,0.031455931587413166,
1993-07-31,0.0,0.047904909671729334,0.030373858806153627,
1993-08-31,0.0,0.07948656286785144,0.02929178602489409,
1993-09-30,-0.08411099775664203,0.11004945305764699,0.028244618817223573,
1993-10-31,-0.0028068186125687067,0.1416311062537691,0.027162546035964033,
1993-11-30,0.0,0.17219399644356467,0.026115378828293515,
1993-12-31,-0.045019369969251224,0.20377564963968678,0.02503330604703398,
1994-01-31,-0.0015006456656417033,0.19383533467364047,0.024966483909270767,
1994-02-28,0.0,0.18360686189942593,0.024936695116041522,
1994-03-31,0.0,0.17228248132797408,0.024903714666394856,
1994-04-30,0.0,0.16132340335560136,0.024871798102220663,
1994-05-31,0.0,0.1499990227841495,0.024838817652573997,
1994-06-30,0.0,0.13903994481177678,0.024806901088399808,
1994-07-31,0.08803720471521946,0.12771556424032493,0.024773920638753142,
1994-08-31,0.002934573490507325,0.1163911836688731,0.024740940189106476,
1994-09-30,0.0,0.10543210569650036,0.024709023624932283,
1994-10-31,0.08069187961843645,0.09410772512504852,0.024676043175285618,
1994-11-30,0.0027793869646350333,0.08314864715267578,0.024644126611111424,
1994-12-31,0.0744784269059307,0.07182426658122396,0.02461114616146476,
1995-01-31,0.0024826142301976883,0.0428798674936268,0.025696156545453114,
1995-02-28,0.0,0.016206044104343287,0.026709825863616553,
1995-03-31,0.0,-0.013325688933792032,0.027832102608726074,
1995-04-30,0.0,-0.041904785422310076,0.028918176878186902,
1995-05-31,0.0,-0.07143651846044541,0.030040453623296427,
1995-06-30,0.0,-0.10001561494896344,0.031126527892757255,
1995-07-31,0.0,-0.12954734798709877,0.03224880463786678,
1995-08-31,0.0,-0.15907908102523408,0.0333710813829763,
1995-09-30,0.0,-0.18765817751375213,0.03445715565243713,
1995-10-31,-0.03652289804791653,-0.21718991055188747,0.03557943239754665,
1995-11-30,-0.03917136698093358,-0.2457690070404055,0.03666550666700748,
1995-12-31,-0.0012651842952671397,-0.27530074007854083,0.037787783412117,
1996-01-31,-0.03950515598734371,-0.27005807489323946,0.037658093748827004,
1996-02-29,-0.001407654983457074,-0.26406928321615153,0.03749773134785294,
1996-03-31,0.0,-0.2576674714234023,0.03732630947094963,
1996-04-30,-0.041140960604836026,-0.2514721696884837,0.03716041733201094,
1996-05-31,-0.0013728907877030919,-0.2450703578957345,0.036988995455107636,
1996-06-30,0.0,-0.2388750561608159,0.03682310331616895,
1996-07-31,0.0,-0.23247324436806668,0.036651681439265636,
1996-08-31,0.04118672363109281,-0.22607143257531748,0.036480259562362324,
1996-09-30,0.0014186538139598637,-0.21987613084039886,0.03631436742342364,
1996-10-31,0.0,-0.21347431904764969,0.036142945546520325,
1996-11-30,0.0,-0.20727901731273107,0.035977053407581644,
1996-12-31,0.0,-0.20087720551998187,0.03580563153067833,
1997-01-31,0.0,-0.18887516546580582,0.03562813065700303,
1997-02-28,0.0,-0.17786600413588344,0.035467624263673066,
1997-03-31,0.03950515598734374,-0.1656772898063265,0.035289920756772036,
1997-04-30,0.039274089198847124,-0.1538817598099811,0.03511794962106136,
1997-05-31,0.037788082343183704,-0.14169304548042413,0.03494024611416033,
1997-06-30,0.03641340029794053,-0.1298975154840787,0.03476827497844965,
1997-07-31,0.001173149811963703,-0.11770880115452179,0.03459057147154861,
1997-08-31,0.0,-0.10552008682496485,0.034412867964647584,
1997-09-30,0.03392160915089431,-0.09372455682861942,0.034240896828936905,
1997-10-31,0.0011319780584280598,-0.0815358424990625,0.034063193322035876,
1997-11-30,0.0,-0.06974031250271706,0.0338912221863252,
1997-12-31,0.0,-0.057551598173160134,0.03371351867942417,
1998-01-31,0.0,-0.08108840949158702,0.033715025764200164,
1998-02-28,0.0,-0.10342307209978285,0.03372178258976875,
1998-03-31,0.0,-0.12815073427314252,0.033729263360933986,
1998-04-30,0.03277149995315871,-0.15208072992478092,0.03373650281690034,0.05594043797899632
1998-05-31,0.0010935984411510127,-0.1768083920981406,0.03374398358806557,-0.015524921255104837
1998-06-30,0.0,-0.20073838774977895,0.03375122304403192,-0.09082050972701436
1998-07-31,0.0,-0.22546604992313862,0.03375870381519715,-0.09875904436901049
1998-08-31,-0.032807953234530327,-0.2501937120964983,0.03376618458636238,-0.007070341605841024
1998-09-30,-0.07020705023859608,-0.2741237077481367,0.03377342404232873,-0.05401751762121186
1998-10-31,-0.07678355477632251,-0.29885136992149636,0.03378090481349396,-0.0676852579397278
1998-11-30,-0.042026629407450944,-0.32278136557313475,0.033788144269460314,-0.024492646520679347
1998-12-31,-0.08552139690997244,-0.3475090277464944,0.03379562504062554,0.0324413769720731
1999-01-31,-0.047826188581819924,-0.29603364494876394,0.03342711111833871,0.05400133708434057
1999-02-28,-0.0016614291298176,-0.24724546558394223,0.033082939563352044,-0.004222656693311622
1999-03-31,0.0,-0.1932299812871754,0.032701892484616815,0.05222561465092181
1999-04-30,-0.04716382536378421,-0.1409569319677236,0.0323331372471311,0.06443830128431224
1999-05-31,-0.0015738762635300677,-0.08694144767095674,0.03195209016839587,0.04174239564529647
1999-06-30,0.0,-0.03466839835150498,0.03158333493091016,0.03771744474604832
1999-07-31,0.04721628790590177,0.019347085945261855,0.031202287852174923,0.04607781081770581
1999-08-31,0.0015738762635300607,0.07336257024202869,0.030821240773439687,0.04592423458262443
1999-09-30,0.04496934844706314,0.1256356195614805,0.030452485535953977,-0.05426972185044356
1999-10-31,0.0015006456656417103,0.17965110385824734,0.030071438457218744,0.007946208777530564
1999-11-30,0.04297003715180601,0.2319241531776991,0.029702683219733034,0.06323264763196124
1999-12-31,0.04262065145595842,0.28593963747446594,0.0293216361409978,-0.017918825524461418
2000-01-31,0.0013728907877030919,0.2588115319936374,0.028790452152795066,-0.03551606554337109
2000-02-29,0.0,0.23090334288409856,0.028288856410740294,-0.010945511773140362
2000-03-31,0.0,0.20107045107735014,0.027752667858888642,-0.0068630261206417496
2000-04-30,0.0,0.17219991061920653,0.02723377571193543,-0.021762820794039475
2000-05-31,0.0,0.1423670188124581,0.026697587160083778,-0.007450863361047328
2000-06-30,0.0,0.11349647835431448,0.026178695013130568,0.011505755605089162
2000-07-31,0.0,0.08366358654756606,0.025642506461278913,-0.0012782707160763351
2000-08-31,0.0,0.05383069474081767,0.025106317909427262,-0.025457174458566437
2000-09-30,0.0,0.024960154282674007,0.024587425762474052,-0.028694606600873057
2000-10-31,0.0,-0.004872737524074355,0.024051237210622398,-0.035076923136823465
2000-11-30,0.0,-0.03374327798221799,0.023532345063669188,-0.01962462557232099
2000-12-31,-0.0411867236310928,-0.06357616978896641,0.022996156511817537,-0.008103033024418957
2001-01-31,-0.0013728907877030919,-0.06490463212519149,0.023747841316216725,-0.038581004043662055
2001-02-28,-0.042864199621875564,-0.0652463357136371,0.024465557111561176,0.010203428637202215
2001-03-31,-0.04645329779411683,-0.06562465040084475,0.02526017102783539,0.03641063397530403
2001-04-30,-0.0015506671878297643,-0.06599076138846506,0.02602915223713302,0.021476193027270475
2001-05-31,0.0,-0.0663690760756727,0.026823766153407237,0.0024960404083107374
2001-06-30,-0.04716382536378421,-0.06673518706329301,0.027592747362704867,-0.04456059143440022
2001-07-31,-0.051212548251482234,-0.06711350175050065,0.028387361278979083,-0.030494524123771544
2001-08-31,-0.05397773975792985,-0.06749181643770831,0.0291819751952533,-0.03289525058600834
2001-09-30,-0.11565917517684648,-0.06785792742532862,0.02995095640455093,-0.04039215265349604
2001-10-31,-0.00379945276310914,-0.06823624211253626,0.030745570320825144,0.06601938721406159
2001-11-30,0.0,-0.06860235310015657,0.031514551530122774,0.012113237088737905
2001-12-31,0.0,-0.06898066778736421,0.03230916544639699,0.004221171223295702
2002-01-31,0.0,-0.0633222245154213,0.03160554341534946,0.056739043572515614
2002-02-28,0.0,-0.05802962067532638,0.030924905659860287,0.0002611199010475046
2002-03-31,0.0,-0.05216995213807844,0.0301713424305687,-6.11527472548128e-05
2002-04-30,0.0,-0.046499305166548176,0.029442087692544583,-0.03169682872889114
2002-05-31,0.0,-0.04063963662930024,0.028688524463253,-0.035830648374351196
2002-06-30,0.0,-0.03496898965776997,0.027959269725228882,-0.07253321505236876
2002-07-31,0.0,-0.02910932112052203,0.027205706495937298,-0.054585974591920924
2002-08-31,0.0,-0.02324965258327409,0.02645214326664571,0.011577577073830038
2002-09-30,0.0,-0.017579005611743824,0.025722888528621597,0.004852669795041535
2002-10-31,0.0,-0.011719337074495885,0.02496932529933001,-0.008671127360193508
2002-11-30,0.0,-0.006048690102965618,0.024240070561305893,-0.04558913019860435
2002-12-31,-0.062456633358939855,-0.00018902156571767859,0.02348650733201431,-0.06629133721129259
2003-01-31,-0.0020818877786313236,0.03332589929656147,0.02410664098491875,0.007715665243617442
2003-02-28,0.0,0.06443007197335217,0.024708120319479204,0.03403369028722858
2003-03-31,0.0,0.09886683457979902,0.025374043868456847,-0.06006610618062077
2003-04-30,0.0,0.1321927338763605,0.02601848601262876,-0.038104806476231996
2003-05-31,-0.06676729498737224,0.16662949648280734,0.026684409561606406,0.054841584942098114
2003-06-30,-0.0022997623828983765,0.1999553957793688,0.02732885170577832,0.09608420964593056
2003-07-31,0.0,0.23439215838581565,0.027994775254755962,0.029717771882581165
2003-08-31,0.0,0.2688289209922625,0.028660698803733606,0.0581403038616273
2003-09-30,0.06669310910405304,0.30215482028882396,0.02930514094790552,0.038302051599373915
2003-10-31,0.0022255764995790794,0.3365915828952708,0.029971064496883165,-0.03928485764245069
2003-11-30,0.0,0.3699174821918323,0.030615506641055078,-0.020165719993048146
2003-12-31,0.06245663335893984,0.40435424479827914,0.031281430190032725,0.0035811903943871355
2004-01-31,0.0020818877786313236,0.38652152442264104,0.030991287846192036,-0.01466701663622294
2004-02-29,0.0,0.36820939352663495,0.030690051555833833,0.05725561390702638
2004-03-31,0.058668988854614364,0.348634357051594,0.030368040348899204,0.043200922499465
2004-04-30,0.0572739541058313,0.3296907733660705,0.030056416600252787,0.027959149463371677
2004-05-31,0.001843819801288657,0.31011573689102956,0.02973440539331816,-0.018016239455118988
2004-06-30,0.0522649805612666,0.29117215320550605,0.029422781644671745,-0.0218549700012888
2004-07-31,0.001744103911944385,0.27159711673046505,0.029100770437737115,-0.022411166144825228
2004-08-31,0.0,0.2520220802554241,0.028778759230802486,-0.037323097865968505
2004-09-30,0.0,0.2330784965699006,0.02846713548215607,-0.013760828625459909
2004-10-31,0.0,0.21350346009485965,0.02814512427522144,-0.03026176342466591
2004-11-30,0.0,0.19455987640933614,0.027833500526575024,0.0011321682619331586
2004-12-31,0.0,0.17498483993429517,0.027511489319640394,0.027754159846816735
2005-01-31,0.0,0.15666773933669284,0.027214612640589015,0.03798972396805368
2005-02-28,0.0,0.1401611347158136,0.026947222701210062,-0.039759210858775804
2005-03-31,0.0,0.12188596531412588,0.02665118383975479,-0.051125464151474155
2005-04-30,0.0,0.10420031750604097,0.026364694618991623,-0.03785487989294991
2005-05-31,0.0,0.08592514810435326,0.026068655757536353,-0.008143297304193518
2005-06-30,-0.052264980561266626,0.06823950029626835,0.025782166536773187,0.015853376002763916
2005-07-31,-0.001744103911944385,0.04996433089458062,0.025486127675317917,-0.02022583279369758
2005-08-31,0.0,0.03168916149289289,0.025190088813862647,0.031416033094138665
2005-09-30,0.0,0.014003513684808011,0.02490359959309948,0.012307307956552188
2005-10-31,0.0,-0.004271655716879735,0.02460756073164421,-0.013098469044705026
2005-11-30,0.0,-0.02195730352496464,0.024321071510881045,-0.01870357944485687
2005-12-31,0.0,-0.04023247292665236,0.024025032649425772,0.01311840533723576
2006-01-31,0.0,-0.006456277342579281,0.021810241750482993,0.03174987271871129
2006-02-28,0.0,0.02561839202325155,0.019752016576115694,0.03135864646882305
2006-03-31,0.0,0.06112963310684997,0.01747326727592333,0.04068607047247066
2006-04-30,0.0,0.09549535028452585,0.015268026017672656,0.003408141778058267
2006-05-31,0.0,0.13100659136812426,0.012989276717480291,-0.001975679448101875
2006-06-30,0.0522649805612666,0.16537230854580015,0.010784035459229615,0.010094434759434244
2006-07-31,0.001744103911944385,0.20088354962939856,0.008505286159037251,-0.00575362934532004
2006-08-31,0.0,0.236394790712997,0.006226536858844885,0.01995892511704667
2006-09-30,0.04958351790796547,0.2707605078906729,0.004021295600594211,-0.0013007151833951368
2006-10-31,0.0016546223995984044,0.3062717489742713,0.0017425463004018468,0.015798397066110935
2006-11-30,0.047163825363784107,0.3406374661519472,-0.00046269495784882764,0.05776236933650884
2006-12-31,0.0015738762635300607,0.3761487072355456,-0.0027414442580411917,0.009296697323950324
2007-01-31,0.0,0.3002879282036415,-0.0061512773136706105,-0.02020631410852078
2007-02-28,0.0,0.2284153787950033,-0.009265180659779156,0.02145622073649756
2007-03-31,0.0450193699692512,0.14884219909258242,-0.012712716507256475,0.02611598571068397
2007-04-30,0.0015506671878297643,0.07183589615475577,-0.016049041520944204,0.047952692889018114
2007-05-31,0.04301783474596819,-0.007737283547665119,-0.019496577368421524,-0.006985534760295502
2007-06-30,0.0014817254190277879,-0.08474358648549174,-0.022832902382109253,-0.0532276568607664
2007-07-31,0.0,-0.16431676618791263,-0.02628043822958657,-0.04635356233656445
2007-08-31,0.0,-0.24388994589033347,-0.02972797407706389,-0.014887429463842791
2007-09-30,0.0,-0.3208962488281602,-0.03306429909075162,-0.06207888804809411
2007-10-31,-0.043017834745968306,-0.40046942853058104,-0.03651183493822894,-0.020727035926312316
2007-11-30,-0.0014817254190277948,-0.47747573146840766,-0.039848159951916665,-0.06330936440776337
2007-12-31,-0.045019369969251224,-0.5570489111708286,-0.043295695799393984,-0.006571493549726096
2008-01-31,-0.0015006456656417033,-0.495455186357584,-0.03826632199489501,-0.06755837685292078
2008-02-29,-0.0471077447153136,-0.43343327149900657,-0.033297090177882724,0.05131662920918477
2008-03-31,-0.0015738762635300677,-0.3671339832019066,-0.027985152718317877,0.09299483040773567
2008-04-30,0.0,-0.30297338162406784,-0.02284456808002931,0.11261846914097409
2008-05-31,0.0,-0.23667409332696782,-0.017532630620464455,-0.05351343529906323
2008-06-30,0.0,-0.1725134917491291,-0.012392045982175887,-0.07526733337761025
2008-07-31,0.0,-0.10621420345202909,-0.0070801085226110325,-0.03913179685823927
2008-08-31,-0.10196178934628361,-0.039914915154929065,-0.0017681710630461783,-0.0766695131636534
2008-09-30,-0.3954616216931532,0.024245686422909696,0.003372413575242386,-0.2024037011123382
2008-10-31,-0.4054651081081643,0.09054497472000966,0.00868435103480724,-0.16514858036661434
2008-11-30,-0.291608173640327,0.15470557629784842,0.013824935673095805,-0.008905020827123605
2008-12-31,-0.40166565534505516,0.2210048645949485,0.019136873132660666,-0.04975367412229065
2009-01-31,-0.6838671137066621,0.23921753352330363,0.01897752161982042,-0.1381822981349908
2009-02-28,-0.3759442335240381,0.2542199169184579,0.01866886424131166,0.1525106788444141
2009-03-31,-0.011748257297626186,0.27082969853452155,0.018327136429391246,0.022898308145627017
2009-04-30,0.0,0.2869036807436154,0.01799643209527472,0.10000974801624157
2009-05-31,0.0,0.3035134623596791,0.017654704283354306,0.012727959295474267
2009-06-30,0.0,0.3195874445687729,0.01732399994923778,-0.07757031877429484
2009-07-31,0.0,0.3361972261848366,0.016982272137317365,-0.08006005538275594
2009-08-31,0.0,0.35280700780090024,0.016640544325396953,-0.04376874645927139
2009-09-30,0.0,0.3688809900099941,0.016309839991280422,0.021238633392323812
2009-10-31,0.0,0.3854907716260577,0.01596811217936001,-0.025759053311981098
2009-11-30,0.0,0.4015647538351516,0.015637407845243482,0.17405136639506094
2009-12-31,0.0,0.4181745354512153,0.015295680033323067,-0.026748339462393328
2010-01-31,0.0,0.35310485897628735,0.015235082796038404,-0.04515915575851839
2010-02-28,0.0,0.29187308148651614,0.015188813953856344,-0.01555144616522728
2010-03-31,0.0,0.2240807564085552,0.015137587735726207,-0.1322066423836191
2010-04-30,0.0,0.1584752805266575,0.015088013976245427,-0.09305269288546016
2010-05-31,0.0,0.09068295544869653,0.015036787758115289,-0.05282505474132186
2010-06-30,0.0,0.025077479566798844,0.01498721399863451,-0.13612413515814845
2010-07-31,0.0,-0.042714845511162114,0.014935987780504372,-0.05948533197840232
2010-08-31,0.0,-0.11050717058912302,0.014884761562374234,-0.09067935330183392
2010-09-30,0.0,-0.1761126464710207,0.014835187802893455,0.113546803220557
2010-10-31,0.0,-0.24390497154898166,0.014783961584763316,0.15620623226875785
2010-11-30,0.0,-0.30951044743087935,0.014734387825282538,0.23400250304038966
2010-12-31,0.0,-0.3773027725088403,0.0146831616071524,0.07908619673757042
2011-01-31,0.0,-0.3583755970792129,0.015214789043628189,-0.08778975753594978
2011-02-28,0.0,-0.33866917409523484,0.015712516945744995,0.0004316452274487348
2011-03-31,0.0,-0.3168513486486877,0.016263572837374316,-0.13720099234314106
2011-04-30,0.0,-0.2957373240229969,0.016796852732499465,-0.11480152562560883
2011-05-31,0.0,-0.27391949857644976,0.017347908624128786,-0.08478797107186356
2011-06-30,0.0,-0.25280547395075903,0.017881188519253934,-0.2968649509856609
2011-07-31,0.0,-0.23098764850421186,0.018432244410883255,-0.10780075437284437
2011-08-31,0.0,-0.2091698230576647,0.018983300302512576,0.21584685697000625
2011-09-30,0.0,-0.18805579843197393,0.019516580197637724,-0.17249524454741005
2011-10-31,0.0,-0.16623797298542678,0.020067636089267045,-0.15391699876829906
2011-11-30,0.0,-0.145123948359736,0.020600915984392194,-0.041235921143547793
2011-12-31,0.0,-0.12330612291318888,0.021151971876021514,-0.019817044835749986
2012-01-31,0.0,-0.14758934608697244,0.021544451446605165,0.05417211155023709
2012-02-29,0.0,-0.17174346928179104,0.021906664901548665,-0.062133897808859466
2012-03-31,0.0,-0.19756339407625229,0.022293858594764127,-0.16726259935057347
2012-04-30,0.0,-0.2225504180708922,0.02266856216884361,-0.1774459885638962
2012-05-31,0.0,-0.24837034286535348,0.02305575586205907,-0.2318105391187937
2012-06-30,0.0,-0.2733573668599934,0.02343045943613855,-0.04231464155472689
2012-07-31,0.0,-0.2991772916544546,0.023817653129354015,0.29899773440364863
2012-08-31,0.0,-0.3249972164489159,0.024204846822569476,0.0354733605750015
2012-09-30,0.0,-0.3499842404435558,0.02457955039664896,0.025664926536805518
2012-10-31,0.0,-0.3758041652380171,0.02496674408986442,0.060216478125874134
2012-11-30,0.0,-0.400791189232657,0.025341447663943903,0.15105795537889283
2012-12-31,0.0,-0.42661111402711827,0.025728641357159365,-0.06674478983175477
2013-01-31,0.0,-0.5009490963465599,0.025538850338274192,-0.13924056753705089
2013-02-28,0.0,-0.5695538390982054,0.02535005460945445,-0.1639215338251188
2013-03-31,0.0,-0.645509090001813,0.02514103076683259,0.17832067178606856
2013-04-30,0.0,-0.7190141715214333,0.024938749628811433,0.4561763592089748
2013-05-31,0.0,-0.794969422425041,0.024729725786189573,0.02248466556472717
2013-06-30,0.0,-0.8684745039446612,0.024527444648168417,0.14501127501716074
2013-07-31,0.0,-0.9444297548482689,0.024318420805546557,0.10229563401336328
2013-08-31,0.0,-1.0203850057518764,0.024109396962924697,-0.08782854101653316
2013-09-30,0.0,-1.0938900872714967,0.023907115824903544,-0.003137109719015957
2013-10-31,0.0,-1.1698453381751044,0.023698091982281684,0.10830766084256652
2013-11-30,0.0,-1.2433504196947247,0.02349581084426053,0.020640649406066053
2013-12-31,0.0,-1.3193056705983321,0.023286787001638668,-0.057056408170418835
2014-01-31,0.0,-1.1378068066790477,0.022928336715213785,0.16156962094363503
2014-02-28,0.0,-0.9661210422626605,0.022600076305511217,-0.004011162681242297
2014-03-31,0.0,-0.7760403745159462,0.022236645137626233,0.004717469631493318
2014-04-30,0.0,-0.5920913412126743,0.02188493755580205,0.049253979327014294
2014-05-31,0.0,-0.40201067346596,0.021521506387917066,0.001637816947529784
2014-06-30,0.0,-0.21806164016268803,0.021169798806092887,-0.09022087513247846
2014-07-31,0.0,-0.027980972415973637,0.020806367638207902,-0.029671951381907674
2014-08-31,0.0,0.16209969533074053,0.020442936470322918,-0.15277375758767145
2014-09-30,0.0,0.34604872863401237,0.02009122888849874,-0.07057177757638788
2014-10-31,0.0,0.5361293963807268,0.01972779772061375,-0.12466048356081953
2014-11-30,0.0,0.7200784296839988,0.019376090138789572,-0.08415408276055727
2014-12-31,0.0,0.9101590974307128,0.019012658970904588,0.08500694015231249
2015-01-31,0.0,0.9195143521333289,0.01897981808352137,0.01804375588531132
2015-02-28,0.0,0.9225230643752245,0.018960108602287116,-0.045369000171671184
2015-03-31,0.0,0.9258541386430373,0.018938287390920624,0.1510077508747818
2015-04-30,0.0,0.9290777589022112,0.01891717008959821,0.05113861747107906
2015-05-31,0.0,0.9324088331700241,0.01889534887823172,0.00791893736062859
2015-06-30,0.0,0.9356324534291979,0.018874231576909307,-0.07927680549469475
2015-07-31,0.0,0.9389635276970109,0.01885241036554281,-0.08937428577185741
2015-08-31,0.0,0.9422946019648237,0.01883058915417632,-0.08161230136478267
2015-09-30,0.0,0.9455182222239975,0.018809471852853907,0.09090997714178879
2015-10-31,0.0,0.9488492964918105,0.018787650641487415,-0.034831340922855614
2015-11-30,0.0,0.9520729167509843,0.018766533340165002,-0.04076861847468937
2015-12-31,0.0,0.9554039910187972,0.018744712128798507,-0.32371469001214204
2016-01-31,0.0,0.8671414641159799,0.01829926418599524,0.011501325813304097
2016-02-29,0.0,0.7817171492349053,0.017869344954328025,-0.010241860856439355
2016-03-31,0.0,0.690401502293067,0.017409776120476866,-0.011556560253416193
2016-04-30,0.0,0.6020315213816105,0.01696503208771768,-0.21328479268107597
2016-05-31,0.0,0.5107158744397722,0.01650546325386652,-0.6367054121255075
2016-06-30,-0.6700422745412804,0.42234589352831564,0.01606071922110733,-0.5427162029129692
2016-07-31,-0.02235958646967573,0.3310302465864773,0.015601150387256171,0.11183694445170933
2016-08-31,0.0,0.23971459964463893,0.01514158155340501,0.5686425791288074
2016-09-30,0.0,0.1513446187331825,0.014696837520645824,0.3574561663752778
2016-10-31,0.0,0.06002897179134414,0.014237268686794664,-0.05435497231235764
2016-11-30,0.0,-0.028341009120112393,0.013792524654035477,0.014551264743514689
2016-12-31,0.0,-0.11965665606195064,0.013332955820184317,-0.22376311867767287
2017-01-31,0.0,-0.13737042207429973,0.013368597572769515,-0.2719548923886375
2017-02-28,0.0,-0.1511539820574691,0.013415699689534875,0.35327146744081966
2017-03-31,0.0,-0.16641435203883523,0.013467848461667951,0.012144437781771322
2017-04-30,0.0,-0.18118245202080244,0.01351831501534512,-0.03867182345990928
2017-05-31,0.0,-0.19644282200216856,0.013570463787478197,0.2419170165746286
2017-06-30,0.0,-0.21121092198413577,0.013620930341155368,-0.234560133062179
2017-07-31,0.0,-0.22647129196550186,0.013673079113288444,0.23510059419826707
2017-08-31,0.0,-0.241731661946868,0.01372522788542152,0.21479153023298964
2017-09-30,0.6700422745412804,-0.25649976192883517,0.013775694439098691,-0.030794219371569925
2017-10-31,0.02235958646967573,-0.2717601319102013,0.013827843211231768,-0.027421964025511582
2017-11-30,0.0,-0.2865282318921685,0.013878309764908938,0.15752397085534878
2017-12-31,0.0,-0.3017886018735346,0.013930458537042015,0.19846062813630938
2018-01-31,0.0,-0.3022808718729335,0.01393214075549792,0.10285510588287904
2018-02-28,0.0,-0.3022808718729335,0.01393214075549792,0.01183539002201485
2018-03-31,0.0,-0.3022808718729335,0.01393214075549792,-0.05066865357649255
2018-04-30,0.0,-0.3022808718729335,0.01393214075549792,-0.06472278321477697
2018-05-31,0.0,-0.3022808718729335,0.01393214075549792,-0.020892963802709906
2018-06-30,0.3919496045045589,-0.3022808718729335,0.01393214075549792,0.008783699585282453
2018-07-31,0.013079519616392365,-0.3022808718729335,0.01393214075549792,0.0813823440938428
2018-08-31,0.0,-0.3022808718729335,0.01393214075549792,0.01130446147041414
2018-09-30,0.0,-0.3022808718729335,0.01393214075549792,-0.1178474133861993
2018-10-31,0.0,-0.3022808718729335,0.01393214075549792,-0.12765221864583212
2018-11-30,0.0,-0.3022808718729335,0.01393214075549792,0.038708924768143194
2018-12-31,0.0,-0.3022808718729335,0.01393214075549792,-0.07515057594164126
2019-01-31,0.0,,,0.03101385222832191
2019-02-28,0.0,,,-0.009781758187497387
2019-03-31,0.0,,,-0.08154429726595751
2019-04-30,0.0,,,-0.26491039428324137
2019-05-31,0.0,,,-0.16322764962119643
2019-06-30,0.0,,,-0.38802014004200924
2019-07-31,0.0,,,0.11645310069818271
2019-08-31,0.0,,,0.00430746427821041
2019-09-30,0.0,,,0.23484797265670995
2019-10-31,0.0,,,0.13230540365397386
2019-11-30,0.0,,,0.12861737782209334
2019-12-31,0.0,,,
2020-01-31,,,,
